sexo,año,tramo,N,n_adopt,irpf_perdido,ss_perdido,fiscal_perdido,aporte_fondo,saldo_fondo
H,2023,1,601527.0,0.0,0.0,0.0,0.0,0.0,0.0
H,2023,2,810264.0,24307.92,485.44543526365896,164103.7402368,164589.18567206364,653007.9628799999,574507.7337960767
H,2023,3,1472976.0,73648.8,9185.922252949973,5969877.457536,5979063.37978895,23755567.737600002,20899833.021600924
H,2023,4,1251709.0,87619.63,1979816.6545671355,16607228.4022288,18587045.056795936,66084126.860080004,63712240.66554815
H,2023,5,1980507.0,198050.7,26847877.822172612,74577068.480808,101424946.30298062,296759961.08280003,286108676.3004131
H,2023,6,1934558.0,483639.5,143975461.24974024,269401788.06732,413377249.31706023,1072014035.562,1033537393.5587314
H,2023,7,2333331.0,933332.4,625679578.9157765,828900493.7653439,1454580072.6811204,3298392968.2703996,3350903384.3252645
H,2023,8,504617.0,227077.65,349499528.7265782,308702073.75839996,658201602.4849782,1228399255.4399998,1247955371.5866046
H,2023,9,68079.0,34039.5,75070944.31896785,46275202.511999995,121346146.83096784,184140079.2,187071589.260864
H,2023,10,5961.0,2980.5,10393425.873125417,4051858.6079999995,14445284.481125416,16123312.799999999,16379995.939776
H,2024,1,578684.5978106087,0.0,0.0,0.0,0.0,0.0,0.0
H,2024,2,791597.8214976194,23747.93464492858,474.26215284237736,160323.25670529864,160797.51885814103,637964.5163013613,1144926.6061912715
H,2024,3,1438955.9827286955,71947.79913643478,8973.763172490946,5831996.504816509,5840970.267988999,23206906.507055312,41649686.520493664
H,2024,4,1278119.6120183202,89468.37284128243,2021590.0775681536,16957634.979181506,18979225.05674966,67478478.29086067,129783085.68326704
H,2024,5,1997669.4157138919,199766.9415713892,27080532.612193502,75223328.58086875,102303861.19306225,299331584.3183359,579251525.4676247
H,2024,6,1857445.251993648,464361.312998412,138236505.13550147,258663256.47731552,396899761.612817,1029282854.4945081,2042331225.487806
H,2024,7,2278569.5542644886,911427.8217057955,610995370.6707338,809446850.2790706,1420442220.9498043,3220982276.196994,6676510080.237773
H,2024,8,611129.6457795781,275008.3406008102,423270565.9753897,373861738.679815,797132304.6552048,1487685119.3141427,2779191887.5158873
H,2024,9,93202.18028761791,46601.09014380896,102774360.47500943,63352131.602541946,166126492.07755136,252093257.2419489,446156350.85913765
H,2024,10,9788.937905531908,4894.468952765954,17067706.84411566,6653815.1846513925,23721522.028767053,26477119.246882703,43539400.46043031
H,2025,1,556946.861861859,0.0,0.0,0.0,0.0,0.0,0.0
H,2025,2,772705.4805986239,23181.164417958717,462.9433719871718,156496.968232216,156959.91160420317,622738.8009240429,1711031.1648435332
H,2025,3,1406474.3103736236,70323.71551868119,8771.197674546996,5700350.365588433,5709121.56326298,22683055.087981656,62269000.16533462
H,2025,4,1300513.2062382498,91035.9244366775,2057009.820329638,17254745.197257113,19311755.01758675,68660750.78493315,198045617.01796502
H,2025,5,2014165.983632943,201416.5983632943,27304161.12750592,75844515.81999356,103148676.94749948,301803436.6539536,879444341.6029141
H,2025,6,1785687.3121353798,446421.82803384494,132896069.49623643,248670422.29718515,381566491.79342157,989518981.4593872,3028848383.9359374
H,2025,7,2224868.890867645,889947.556347058,596595609.787415,790370042.7429044,1386965652.5303195,3145071104.340277,9977940757.036533
H,2025,8,705707.7049074365,317568.4672083464,488775666.0672632,431720358.1571897,920496024.224453,1717918380.2102706,4568704263.188359
H,2025,9,121310.71141232121,60655.355706160604,133769733.12958096,82458287.24687426,216228020.37645522,328121212.22804636,786604061.891532
H,2025,10,14744.537971919297,7372.2689859596485,25708146.694283873,10022275.306576759,35730422.00086063,39881026.30644731,84748479.96100631
H,2026,1,536256.8543877375,0.0,0.0,0.0,0.0,0.0,0.0
H,2026,2,753678.3605162965,22610.35081548889,451.5438422164065,152643.38276939813,153094.92661161453,607404.4643072935,2272657.1623541135
H,2026,3,1375254.9257884417,68762.74628942208,8576.504183557037,5573820.197905303,5582396.70208886,22179561.341145672,82773606.17133209
H,2026,4,1318975.765206605,92328.30356446236,2086211.8806579392,17499699.84220821,19585911.722866148,69635483.80117455,268334635.82831252
H,2026,5,2029803.2259323325,202980.32259323326,27516140.57051204,76433344.68543689,103949485.25594893,304146527.2949911,1186675219.9902737
H,2026,6,1718985.7906077004,429746.4476519251,127931947.28950647,239381732.49498346,367313679.7844899,952557067.0215604,3995435615.1847854
H,2026,7,2171987.206883423,868794.8827533693,582415457.1354316,771584172.2574636,1353999629.3928952,3070317640.4708757,13255986671.195726
H,2026,8,778266.849578526,350220.0823103367,539030387.7023833,476108792.21728104,1015139179.9196644,1894550557.2659972,6566149837.19599
H,2026,9,152342.99406544582,76171.49703272291,167989136.51598778,103551798.67011735,271540935.18610513,412057330.3482178,1217744081.6042066
H,2026,10,21230.027033493065,10615.013516746532,37016056.40950492,14430643.815422174,51446700.2249271,57422977.120192036,144434826.677931
H,2027,1,516382.4419091689,0.0,0.0,0.0,0.0,0.0,0.0
H,2027,2,734460.1898771867,22033.805696315598,440.0298502201264,148751.10360805446,149191.1334582746,591916.1562258222,2829597.837979715
H,2027,3,1345147.7848689381,67257.38924344692,8388.746979267784,5451797.882615575,5460186.629594842,21694005.41525229,103177459.84952675
H,2027,4,1334108.176901176,93387.57238308234,2110146.677560956,17700471.28132729,19810617.958888244,70434401.29247883,340512898.6267405
H,2027,5,2044368.1961644685,204436.81961644685,27713584.225735664,76981796.56287177,104695380.78860743,306328948.2605624,1500901303.648429
H,2027,6,1656091.666493288,414022.916623322,123251182.72764224,230623251.49035573,353874434.21799797,917704979.9789242,4943809736.4324465
H,2027,7,2068258.352910654,827303.3411642616,554600704.0313506,734735179.004581,1289335883.0359316,2923686698.4611354,16437253769.7018
H,2027,8,837834.373129134,377025.4679081103,580287066.3484591,512549534.5004879,1092836600.848947,2039556971.1957133,8742709660.781298
H,2027,9,185402.66060888348,92701.33030444174,204444142.99795803,126023379.69035514,330467522.6883132,501477116.414908,1746591199.4915788
H,2027,10,29358.157137104114,14679.078568552057,51188027.17263202,19955561.434489504,71143588.60712153,79407943.42443919,227406347.00239992
H,2028,1,497395.15970155277,0.0,0.0,0.0,0.0,0.0,0.0
H,2028,2,715161.159699744,21454.834790992318,428.4674136504958,144842.44786738078,145270.91528103128,576362.6818252176,3381721.2689337637
H,2028,3,1316036.123740673,65801.80618703365,8207.197886968608,5333810.183209028,5342017.381095997,21224504.18924008,123493081.934609
H,2028,4,1345988.038329842,94219.16268308896,2128936.9455149476,17858089.04402827,19987025.98954322,71061600.00218862,414444926.71271634
H,2028,5,2056956.0736200477,205695.60736200478,27884226.28656548,77455799.93626694,105340026.22283243,308215120.8536574,1821948340.7956996
H,2028,6,1554464.2360781757,388616.0590195439,115687772.28988764,216470865.534226,332158637.8241136,861389257.3161242,5852987530.440125
H,2028,7,1965013.0022186441,786005.2008874577,526915601.6836819,698057947.1126707,1224973548.7963526,2777739235.9154716,19520895694.2667
H,2028,8,885826.0308309376,398621.7138739219,613526259.1413845,541908680.6561863,1155434939.7975707,2156384023.372368,11072607255.605392
H,2028,9,219388.4905980942,109694.2452990471,241920433.05442104,149124499.93726137,391044932.9916824,593401989.3697251,2377245880.4279757
H,2028,10,39221.68518229107,19610.842591145534,68385787.21040156,26660077.625588343,95045864.8359899,106086814.08106087,338802372.20790946
H,2029,1,479158.59104280296,0.0,0.0,0.0,0.0,0.0,0.0
H,2029,2,695998.043533266,20879.94130599798,416.98640589445097,140961.3189544446,141378.30536033906,560918.7432443297,3929047.1328406404
H,2029,3,1287653.6365898603,64382.68182949302,8030.196143347044,5218777.779265962,5226807.975409308,20766762.789466634,143729413.91857088
H,2029,4,1355137.5702639502,94859.62991847652,2143408.676328292,17979481.769177023,20122890.445505314,71544650.63859369,490019665.7074281
H,2029,5,2067885.9971394793,206788.59971394794,28032393.019253314,77867372.15226954,105899765.17152286,309852864.96577847,2149685409.105823
H,2029,6,1461594.4208360226,365398.60520900565,108776129.17261374,203538043.52334926,312314172.695963,809926470.7676528,6727023746.59771
H,2029,7,1864001.7992478206,745600.7196991283,499829583.0517086,662174381.5069563,1162003964.5586648,2634949961.01384,22508566718.112606
H,2029,8,923352.1634053824,415508.4735324221,639516992.013443,564865487.3944924,1204382479.4079354,2247734638.4209905,13532401736.979282
H,2029,9,253690.58367971267,126845.29183985633,279745467.4960878,172440593.06344372,452186060.5595315,686182290.7368867,3112197947.6498075
H,2029,10,50857.19426170572,25428.59713085286,88673121.7369867,34569058.94112071,123242180.67810741,137558539.0390616,483944576.9540228
H,2030,1,461691.02753526764,0.0,0.0,0.0,0.0,0.0,0.0
H,2030,2,676787.0833339337,20303.61250001801,405.4767338174517,137070.50013212158,137475.97686593904,545436.2462004838,4471465.1292093
H,2030,3,1259407.2772122982,62970.36386061492,7854.043333544869,5104297.092475703,5112151.135809248,20311216.803969063,163887124.99932733
H,2030,4,1331974.1295741815,93238.18907019272,2106771.2744603804,17672157.50282081,19778928.777281187,70321734.00776447,565618530.7419868
H,2030,5,2028219.526732623,202821.95267326233,27494671.844261207,76373709.63053948,103868381.47480068,303909225.173427,2476909740.395028
H,2030,6,1373845.1685099192,343461.2921274798,102245573.3154254,191318298.50757682,293563871.8230022,761301187.8329182,7568094591.146859
H,2030,7,1763400.2767500207,705360.1107000083,472853419.6892412,626436352.1952249,1099289771.8844662,2492739809.7733865,25399327327.80994
H,2030,8,950731.401937545,427829.1308718953,658479949.9872794,581614878.9385833,1240094828.9258628,2314384466.3646045,16099067039.701122
H,2030,9,287660.789630811,143830.3948154055,317204528.87270576,195531093.2141719,512735622.08687764,778064903.7934176,3952195836.038201
H,2030,10,64204.31878340304,32102.15939170152,111944779.0655617,43641473.198004976,155586252.26356667,173659841.44534853,668073480.7402893
H,2031,1,444796.331239729,0.0,0.0,0.0,0.0,0.0,0.0
H,2031,2,657706.7172939207,19731.20151881762,394.0453033240766,133206.1307015985,133600.17600492257,530058.9976015164,5008989.720972638
H,2031,3,1231201.2575237562,61560.06287618782,7678.1420942007635,4989979.899863303,4997658.041957503,19856321.400840133,183965535.90582758
H,2031,4,1307162.1992458275,91501.35394720793,2067526.4716379712,17342961.66412095,19410488.13575892,69011785.16864738,641157997.4477162
H,2031,5,1986330.9219264158,198633.09219264158,26926827.275179483,74796371.42916071,101723198.70434019,297632619.8738229,2803292157.1540384
H,2031,6,1291146.1879007227,322786.5469751807,96090873.44181478,179801841.9074324,275892715.3492472,715474457.4171185,8378373362.467378
H,2031,7,1661768.320630436,664707.3282521744,445600946.93278766,590332268.1154859,1035933215.0482736,2349073039.213871,28190154900.866833
H,2031,8,968626.8659765632,435882.0896894534,670874412.0208222,592562522.1208656,1263436934.1416879,2357947752.384067,18750850467.575188
H,2031,9,320546.31164658314,160273.15582329157,353467505.59307796,217884303.32290864,571351808.9159865,867013663.741678,4895931315.016375
H,2031,10,79227.88661604899,39613.94330802449,138139434.09298614,53853412.91375374,191992847.00673988,214295587.71908927,896416384.0292519
H,2032,1,428511.9716966628,0.0,0.0,0.0,0.0,0.0,0.0
H,2032,2,638658.9611894772,19159.768835684317,382.63341009802,129348.36580045825,129730.99921055627,514708.03000182344,5541566.1268034885
H,2032,3,1202927.6990577634,60146.38495288818,7501.819662686031,4875388.9769083755,4882890.796571062,19400336.759323988,203962425.88182944
H,2032,4,1280599.6781381397,89641.97746966979,2025512.7754224043,16990539.611571677,19016052.386994082,67609413.67926447,716548014.7793252
H,2032,5,1941681.494752544,194168.1494752544,26321556.823929325,73115072.95964019,99436629.78356951,290942331.8463191,3128420421.243008
H,2032,6,1213728.0089079512,303432.0022269878,90329186.260764,169020776.74961936,259349963.01038337,672574025.1282432,9160191118.422123
H,2032,7,1558580.6102920563,623432.2441168226,417931300.7686556,553675512.5801598,971606813.3488154,2203207056.9798746,30877224280.215626
H,2032,8,976688.8660326197,439509.9897146789,676458181.9298531,597494492.5775585,1273952674.5074115,2377573240.3605266,21464788213.36605
H,2032,9,351784.45468310296,175892.22734155148,387913911.9228204,239117743.8128362,627031655.7356566,951506593.0268568,5940529119.539279
H,2032,10,95755.25524968626,47877.62762484313,166956072.37037703,65087528.14035874,232043600.51073578,258998814.3993514,1173809408.3875868
H,2033,1,412859.9576254845,0.0,0.0,0.0,0.0,0.0,0.0
H,2033,2,619495.6309359967,18584.868928079897,371.1522740781522,125467.19352822451,125838.34580230266,499263.9188839383,6069033.625151446
H,2033,3,1136191.1834808483,56809.55917404242,7085.6306388850135,4604910.150412136,4611995.781051021,18324036.930705734,223330752.05029264
H,2033,4,1251528.7598204205,87607.01318742945,1979531.570326826,16604837.039835837,18584368.610162664,66074611.05817029,791658525.5786515
H,2033,5,1897673.4505925118,189767.34505925118,25724981.001273144,71457926.11641815,97182907.1176913,284348148.9061622,3452367222.242671
H,2033,6,1143921.4308462525,285980.3577115631,85133976.67040844,159299684.41292924,244433661.08333766,633891477.7677115,9917161256.586395
H,2033,7,1456555.3922359785,582622.1568943914,390573375.35125136,517431724.78357196,908005100.1348233,2058984371.9761515,33460553093.93467
H,2033,8,976410.8093758989,439384.8642191545,676265598.900579,597324389.9719149,1273589988.8724937,2376896361.479938,24221244193.27754
H,2033,9,381011.131207387,190505.5656036935,420142267.3038191,258983934.19333476,679126201.4971539,1030558907.6897403,7082067748.622505
H,2033,10,113740.25387922538,56870.12693961269,198314191.82757834,77312435.2888181,275626627.1163964,307644638.6925288,1505038795.509631
H,2034,1,397675.4834997746,0.0,0.0,0.0,0.0,0.0,0.0
H,2034,2,600212.9851609037,18006.38955482711,359.599653733024,121561.85614022001,121921.45579395304,483723.6490008754,6591226.283004769
H,2034,3,1072468.1167709143,53623.40583854572,6688.234390394204,4346644.639313042,4353332.873703436,17296336.800034598,242103265.04425102
H,2034,4,1220077.4541663965,85405.42179164776,1929785.32839542,16187552.338244103,18117337.66663952,64414135.60200941,866363917.9059767
H,2034,5,1853293.721033533,185329.37210335332,25123366.58790297,69786783.25730193,94910149.84520489,277698272.477153,3775060056.718039
H,2034,6,1080904.1242888318,270226.03107220796,80444044.51106201,150524049.32431698,230968093.835379,598971130.529289,10652515370.421274
H,2034,7,1354353.8705523491,541741.5482209397,363168174.3525226,481125306.28266925,844293480.6351919,1914512464.4466078,35938236602.07071
H,2034,8,967612.7411372487,435425.73351176194,670172025.550667,591942125.9769658,1262114151.5276327,2355479048.005227,26999824675.28399
H,2034,9,407911.6230582348,203955.8115291174,449805530.9517552,277268951.7181278,727074482.669883,1103319358.0479133,8315698469.408612
H,2034,10,132994.8803318181,66497.44016590905,231885997.35513115,90400344.01818605,322286341.3733172,359724552.32150155,1894450380.328604
H,2035,1,382376.3154353725,0.0,0.0,0.0,0.0,0.0,0.0
H,2035,2,558499.9491285009,16754.998473855027,334.6085361060303,113113.66489693424,113448.27343304026,450106.2790016414,7092156.132284464
H,2035,3,1009260.2132751497,50463.010663757486,6294.050854963852,4090467.051750532,4096761.1026054956,16276945.015616305,260277789.09066492
H,2035,4,1186035.0019093456,83022.4501336542,1875940.693627422,15735889.228044517,17611829.92167194,62616860.250004135,940525852.3902996
H,2035,5,1808407.3192924983,180840.73192924983,24514883.694472015,68096561.38154072,92611445.07601273,270972476.08571565,4096405766.4728355
H,2035,6,1023738.7717366758,255934.69293416894,76189631.87458345,142563342.954671,218752974.82925445,567293579.2313898,11369035738.587484
H,2035,7,1251091.6552841908,500436.6621136763,335478549.7913731,444442083.36098355,779920633.1523566,1768541162.1630836,38307069666.240395
H,2035,8,950766.4491529716,427844.9021188372,658504223.8133193,581636319.2548659,1240140543.0681853,2314469782.502062,29780978025.554
H,2035,9,432007.90129082627,216003.95064541313,476376578.7270344,293647866.72861075,770024445.4556451,1168494971.4114268,9635181800.397894
H,2035,10,153308.42349447354,76654.21174723677,267304099.19737118,104208028.0850515,371512127.28242266,414668623.867852,2345880178.7432632
H,2036,1,367187.0057421791,0.0,0.0,0.0,0.0,0.0,0.0
H,2036,2,519400.55819932773,15582.016745979832,311.1833057512861,105194.81833277969,105506.00163853097,418595.2978640022,7573337.8420256255
H,2036,3,947892.5067104143,47394.625335520715,5911.343342183258,3841747.6645768792,3847659.0079190624,15287231.191222878,277870914.48059595
H,2036,4,1151124.635468257,80578.724482778,1820723.2869481468,15272710.942122899,17093434.229071047,60773763.26450289,1014091500.1756675
H,2036,5,1764116.3833330518,176411.6383333052,23914472.97273819,66428762.093718596,90343235.0664568,264335904.52517784,4416468927.661916
H,2036,6,972938.171923958,243234.5429809895,72408902.74172752,135488976.39422747,207897879.13595498,539142985.6517701,12069822896.287992
H,2036,7,1148183.5510325683,459273.42041302734,307883879.62448466,407884656.0492883,715768535.6737729,1623070430.6459568,40565827927.22878
H,2036,8,926336.0070437422,416851.203169684,641583612.7285607,566690869.2562459,1208274481.9848065,2254998268.6667223,32545989036.824715
H,2036,9,453022.1818398076,226511.0909199038,499549097.1981598,307931861.6176087,807480958.8157685,1225334397.4403114,11033415615.70779
H,2036,10,174567.99870669917,87283.99935334959,304371674.9501646,118658756.62490721,423030431.5750718,472171522.9018799,2862915084.7353334
H,2037,1,351957.68161237944,0.0,0.0,0.0,0.0,0.0,0.0
H,2037,2,482062.3701268205,14461.871103804615,288.8132473989286,97632.6702966291,97921.48354402803,388503.70533260715,8035705.7810930945
H,2037,3,887126.3526886118,44356.3176344306,5532.387292352806,3595466.331360372,3600998.7186527248,14307218.965620859,294881920.6852124
H,2037,4,1114734.6502224845,78031.42551557392,1763165.5807648145,14789901.601828726,16553067.182593541,58852549.6266541,1086976055.4821224
H,2037,5,1720556.0794236464,172055.60794236464,23323966.74516292,64788475.15320461,88112441.89836752,257808811.16327095,4735334670.927997
H,2037,6,927176.0769239604,231794.0192309901,69003153.86504401,129116259.61928149,198119413.4843255,513784424.09056646,12757318191.44076
H,2037,7,1046207.7160966746,418483.0864386698,280539196.22454065,371658411.2814025,652197607.5059432,1478917553.5419133,42714097828.82457
H,2037,8,894428.052557904,402492.62365105684,619484049.9801208,547171012.178171,1166655062.1582918,2177324096.9027567,35276108278.816414
H,2037,9,470768.8756173363,235384.43780866815,519118436.6481904,319994786.28562075,839113222.9338112,1273335654.769771,12502674750.703566
H,2037,10,196566.14473018725,98283.07236509363,342727001.2446307,133611512.4251607,476338513.6697914,531672108.26621044,3448629021.1141286
H,2038,1,336791.3659198058,0.0,0.0,0.0,0.0,0.0,0.0
H,2038,2,446139.7006626249,13384.191019878746,267.2912546732503,90357.2089428422,90624.50019751546,359552.9075580226,8479964.090335032
H,2038,3,827538.8562983697,41376.94281491849,5160.781706729753,3353962.0220904895,3359122.8037972194,13346215.65883759,311318264.1614223
H,2038,4,1077170.4228868932,75401.92960208253,1703750.5866288373,14291512.836456412,15995263.42308525,56869341.736764275,1159108906.1580937
H,2038,5,1677481.3801088368,167748.1380108837,22740043.40410387,63166473.91786903,85906517.3219729,251354480.98806018,5053054084.953966
H,2038,6,885067.0991977312,221266.7747994328,65869280.65426984,123252266.96921203,189121547.62348187,490450197.2823316,13433261695.085987
H,2038,7,945068.9356019009,378027.5742407604,253418967.85058722,335729524.5992548,589148492.449842,1335947935.2565503,44751322492.645294
H,2038,8,855716.2132583038,385072.29596623674,592672092.4135915,523488843.1850763,1116160935.5986679,2083087092.258954,37953953761.38289
H,2038,9,484994.57727757806,242497.28863878903,534805166.14237005,329664394.02373356,864469560.1661036,1311813332.620393,14034414733.610477
H,2038,10,219020.44878796127,109510.22439398064,381877671.3934469,148874331.61374334,530752003.0071902,592406509.8816776,4105368816.649259
H,2039,1,321728.76709436486,0.0,0.0,0.0,0.0,0.0,0.0
H,2039,2,411508.88243736635,12345.26647312099,246.54323596959654,83343.38777069873,83589.93100666832,331643.23853392224,8906740.435693104
H,2039,3,768986.4833392622,38449.32416696311,4795.631462782742,3116653.0018390957,3121448.6333018783,12401906.408702286,327185483.4879313
H,2039,4,1038276.1336948437,72679.32935863906,1642231.8458432634,13775477.284938684,15417709.130781947,54815913.071555324,1230410384.6489947
H,2039,5,1634946.398409515,163494.6398409515,22163436.509085707,61564796.042951025,83728232.55203673,244981022.31624112,5369686889.048182
H,2039,6,844491.8252688523,211122.95631721307,62849550.16325075,117601854.13705021,180451404.30030096,467965855.5626565,14098288883.783827
H,2039,7,845901.3753564396,338360.55014257587,226827319.54330242,300500900.9479308,527328220.4912332,1195764830.7616625,46678564953.5956
H,2039,8,810070.0155294369,364531.5069882466,561057373.538882,495564544.3642137,1056621917.9030957,1971969640.2036185,40561544102.13977
H,2039,9,495304.41576982406,247652.20788491203,546173860.0331286,336672279.92239094,882846139.9555196,1339699383.77422,15618870014.133461
H,2039,10,241754.7031001009,120877.35155005044,421516454.64692867,164327440.82882535,585843895.475754,653898120.9451528,4835034467.240915
H,2040,1,286364.54258707614,0.0,0.0,0.0,0.0,0.0,0.0
H,2040,2,376217.5768347874,11286.52730504362,225.39950601335173,76195.79729744168,76421.19680345502,303201.2695226918,9315288.193842543
H,2040,3,711383.1765159282,35569.15882579641,4436.399881282454,2883190.48589576,2887626.8857770422,11472903.317578284,342487984.36370844
H,2040,4,998908.3457406858,69923.58420184802,1579964.1764048324,13253159.52078966,14833123.697194492,52737485.98238101,1300843154.327107
H,2040,5,1593140.7939015508,159314.0793901551,21596717.097282622,59990583.26295478,81587300.3602374,238716853.81452596,5685321151.916593
H,2040,6,802491.3191011082,200622.82977527706,59723749.7229313,111752966.96937534,171476716.69230664,444691737.075369,14751464539.637264
H,2040,7,751385.0683032481,300554.02732129925,201482898.54271778,266924604.4065197,468407502.94923747,1062156730.3373622,48500753973.141174
H,2040,8,758402.5634581468,341281.15355616604,525272312.4937351,463956711.8888512,989229024.3825862,1846194528.2774355,43082869829.41345
H,2040,9,501705.6031892838,250852.8015946419,553232471.122327,341023346.2446455,894255817.3669724,1357013315.5063746,17246139392.2477
H,2040,10,264514.01036819053,132257.00518409527,461198919.50426376,179797579.2395494,640996498.7438132,715457495.2438817,5638855794.5275545
H,2041,1,252739.39395901933,0.0,0.0,0.0,0.0,0.0,0.0
H,2041,2,341577.3405116833,10247.320215350499,204.64584473813122,69180.06866663983,69384.71451137796,275284.0102651758,9705778.79834816
H,2041,3,655233.7108395351,32761.685541976756,4086.234891324688,2655620.295075142,2659706.5299664666,10567347.194935687,357237404.80251235
H,2041,4,959626.1224920475,67173.82857444334,1517831.8438770017,12731976.998623982,14249808.842500985,50663576.29210236,1370397740.6089067
H,2041,5,1552867.7729070357,155286.77729070358,21050773.48426306,58474080.74888289,79524854.23314595,232682328.23949942,6000162377.384018
H,2041,6,756995.6134665334,189248.90336663334,56337826.321503006,105417346.92214032,161755173.2436433,419480792.25073135,15390732676.32202
H,2041,7,663288.3920464256,265315.35681857023,177859892.93217725,235628839.49002656,413488732.4222038,937623409.7353998,50225436350.811966
H,2041,8,702334.4188237041,316050.48847066687,486439316.12953943,429656732.8543789,916096048.9839183,1709706722.4309194,45505674370.54973
H,2041,9,504245.6889744804,252122.8444872402,556033432.3371788,342749913.6752456,898783346.0124245,1363883739.5381744,18906294700.043907
H,2041,10,287064.54597954167,143532.27298977083,500517376.18533283,195125809.70958188,695643185.8949147,776452183.9654642,6517439681.510628
H,2042,1,220038.554045466,0.0,0.0,0.0,0.0,0.0,0.0
H,2042,2,306344.1061745728,9190.323185237183,183.53690644329754,62044.23943646363,62227.776342906924,246888.84204821166,10077504.321368057
H,2042,3,599286.1749369923,29964.30874684962,3737.3291962930753,2428868.512704434,2432605.841900727,9665047.71491384,371427804.9147159
H,2042,4,919632.3908621856,64374.267360353,1454574.125062893,12201354.43712242,13655928.562185312,48552102.431456,1439023946.894555
H,2042,5,1512947.9252266316,151294.79252266316,20509617.51096772,56970877.168080136,77480494.67904785,226700722.29512858,6314248960.538541
H,2042,6,708035.6967512642,177008.92418781604,52694086.20524402,98599309.36176704,151293395.56701106,392350192.96204877,16014021131.753338
H,2042,7,579740.0805670109,231896.03222680438,155456525.23785344,205948851.2506608,361405376.48851424,819519650.3053977,51857591700.65515
H,2042,8,639996.1035413343,287998.24659360043,443263577.276514,391520944.32114965,834784521.5976636,1557955314.7727408,47812882669.9128
H,2042,9,502430.8568449029,251215.42842245146,554032210.7894506,341516321.46147215,895548532.2509228,1358974981.5940933,20587892774.969677
H,2042,10,309176.1110496457,154588.05552482285,539070456.6240034,210155659.61155355,749226116.235557,836259545.1670816,7470770118.366419
H,2043,1,188509.0392461506,0.0,0.0,0.0,0.0,0.0,0.0
H,2043,2,271540.93866465153,8146.228159939546,162.68562982184113,54995.51215687827,55158.19778670011,218840.27328861592,10430470.956404733
H,2043,3,544778.5137879893,27238.925689399464,3397.402994165624,2207952.450557838,2211349.853552004,8785969.958967177,385070715.26117647
H,2043,4,880079.5788636676,61605.570520456735,1392013.8047890682,11676581.839969404,13068595.644758472,46463906.9756568,1506729436.2727156
H,2043,5,1473662.812658819,147366.2812658819,19977066.0468977,55491574.88323791,75468640.93013561,220814225.3139225,6627660582.794408
H,2043,6,656061.5116545681,164015.37791364203,48826015.42505744,91361512.20169649,140187527.62675393,363549270.00675076,16619465136.862461
H,2043,7,501395.4891650847,200558.1956660339,134448528.10470524,178117450.34915957,312565978.4538648,708771861.2509811,53403220069.811676
H,2043,8,574582.0905712182,258561.94075704817,397957599.2671131,351503581.73381364,749461181.0009267,1398716674.7193277,49995048006.198685
H,2043,9,496427.29023671424,248213.64511835712,547412057.5181254,337435529.1380213,884847586.6561468,1342736534.6322646,22279764928.210804
H,2043,10,330586.73515114316,165293.36757557158,576401396.8179753,224709060.31081623,801110457.1287916,894171001.2368119,8498110982.227314
H,2044,1,158145.73067023748,0.0,0.0,0.0,0.0,0.0,0.0
H,2044,2,236776.76134392776,7103.302840317832,141.85771300578887,47954.68160709929,48096.53932010508,190823.12750229822,10764407.707476085
H,2044,3,491744.9339067091,24587.246695335456,3066.6696070737426,1993010.7454481218,1996077.4150551956,7930665.596073843,398178335.320321
H,2044,4,840907.0718034924,58863.49502624447,1330055.0093510842,11156854.993045518,12486910.002396602,44395789.764714,1573518908.5283194
H,2044,5,1435934.465818238,143593.4465818238,19465618.197226644,54070893.45873516,73536511.65596181,215160994.7319911,6940611392.794445
H,2044,6,601509.4608316973,150377.36520792433,44766092.34219195,83764727.80214852,128530820.14434047,333319851.11581594,17205403383.526466
H,2044,7,426823.2551931667,170729.3020772667,114452083.55810711,151626154.61764634,266078238.17575344,603356670.6238521,54866361442.143265
H,2044,8,506467.20864856255,227910.24389185314,350780989.8163125,309833948.5202431,660614938.3365556,1232903255.3573687,52043500245.64003
H,2044,9,486635.5201788848,243317.7600894424,536614639.44800913,330779788.86015296,867394428.3081621,1316251754.9798474,23971665268.78705
H,2044,10,351168.59160509036,175584.29580254518,612287321.895212,238699124.43454483,850986446.3297569,949840806.5734483,9598363181.278471
H,2045,1,129716.10834589529,0.0,0.0,0.0,0.0,0.0,0.0
H,2045,2,203458.02545981,6103.7407637943,121.89578918379945,41206.59804600587,41328.49383518967,163970.89187857005,11080036.491320426
H,2045,3,440496.4024083394,22024.82012041697,2747.0683196652026,1785303.7271912454,1788050.7955109107,7104149.779480735,410767471.05149865
H,2045,4,802848.6141316583,56199.40298921609,1269858.2956214272,10651908.955913322,11921767.251534749,42386488.924914606,1639434486.0074308
H,2045,5,1399112.112037571,139911.2112037571,18966452.04662573,52684327.69576368,71650779.74238941,209643518.51255444,7253224936.2853155
H,2045,6,545675.0597622474,136418.76494056184,40610733.00554914,75989366.46184355,116600099.46739268,302379831.941592,17770840244.596134
H,2045,7,357617.06847462384,143046.82738984955,95894537.38723613,127041111.88576783,222935649.27300397,505526915.8084187,56253408820.610275
H,2045,8,437262.01115112007,196767.90501800404,302849223.9210178,267497309.08415568,570346533.0051734,1064435658.9853945,53953414244.22706
H,2045,9,473382.5555949791,236691.27779748954,522000550.42878675,321771377.7494639,843771928.1782507,1280405136.3732994,25654083366.010498
H,2045,10,370564.04263376223,185282.02131688112,646104665.049437,251882755.57136193,897987420.620799,1002301622.5158,10769427387.470676
H,2046,1,102657.77563017304,0.0,0.0,0.0,0.0,0.0,0.0
H,2046,2,171412.90763933488,5142.387229180046,102.69691552233137,34716.46187968366,34819.15879520599,138145.09052469276,11377968.888339069
H,2046,3,391443.1716908535,19572.158584542674,2441.15758953325,1586494.1225000408,1588935.280089574,6313038.895761409,422861016.9739729
H,2046,4,765876.9861181463,53611.38902827025,1211380.6104025687,10161382.58690692,11372763.197309488,40434567.38734587,1704517576.1541138
H,2046,5,1362985.635616121,136298.56356161213,18476719.253402237,51323965.57331082,69800684.82671306,204230312.83497387,7565596372.056104
H,2046,6,489692.1985607561,122423.04964018903,36444324.831917286,68193330.92876244,104637655.76067972,271357545.21825886,18315370023.203995
H,2046,7,293782.488142221,117512.9952568884,78777380.2660891,104364296.99888198,183141677.26497108,415290455.18586254,57570864968.26681
H,2046,8,367513.0530264033,165380.8738618815,254540847.48154324,224828021.25677794,479368868.7383212,894644375.243234,55721239712.69225
H,2046,9,456859.9522713142,228429.9761356571,503781019.67605484,310540501.63747585,814321521.3135307,1235714798.9034505,27317883751.69938
H,2046,10,388719.8313046833,194359.91565234165,677760569.0453016,264223753.49306974,941984322.5383713,1051409399.7129073,12009024508.835546
H,2047,1,77703.36218887792,0.0,0.0,0.0,0.0,0.0,0.0
H,2047,2,140972.39759333627,4229.171927800088,84.45939460454706,28551.308851455506,28635.76824606005,113612.47466842156,11659060.899481041
H,2047,3,345929.5719704482,17296.47859852241,2157.3210650525193,1402030.4157036205,1404187.736768673,5579013.764910601,434501306.58526415
H,2047,4,730971.6621500714,51168.016350505,1156171.1793566498,9698271.202718092,10854442.382074742,38591736.61981248,1768860101.0628803
H,2047,5,1328052.6559565554,132805.26559565554,18003165.57756849,50008545.22068893,68011710.79825743,198995941.18959263,7877894261.087328
H,2047,6,435696.71257556026,108924.17814389007,32425822.931161426,60674052.37935959,93099875.310521,241436540.6099084,18839721633.582664
H,2047,7,235768.42609324757,94307.37043729903,63220987.31798383,83755182.9564562,146976170.27444002,333281869.895933,58825980855.826294
H,2047,8,299724.29928506387,134875.93467827875,207590115.56890416,183357898.6539941,390948014.22289824,729624856.2356167,57349562332.865204
H,2047,9,437460.75023806497,218730.37511903248,482389453.76482725,297354320.8378194,779743774.6026466,1183243837.243918,28954865540.159275
H,2047,10,405483.1619487811,202741.58097439056,706988623.8072748,275618258.70512104,982606882.5123959,1096750856.439063,13314419309.08978
H,2048,1,54131.704855905766,0.0,0.0,0.0,0.0,0.0,0.0
H,2048,2,112036.32373899782,3361.0897121699345,67.12321162339435,22690.851090447715,22757.97430207111,90292.31402773311,11924111.127800448
H,2048,3,303043.5565387292,15152.177826936459,1889.8709480821246,1228216.1398638508,1230106.0108119329,4887365.2624340085,445718406.4397803
H,2048,4,697124.9274446275,48798.74492112393,1102636.109246462,9249204.803161206,10351840.912407668,36804794.199430406,1832504153.342209
H,2048,5,1293124.1842762541,129312.41842762542,17529673.012186017,48693294.618478596,66222967.63066462,193762245.02162763,8190118083.748129
H,2048,6,383745.85785594286,95936.46446398571,28559488.46583386,53439504.15020828,81998992.61604214,212648545.9264343,19344666183.317226
H,2048,7,181456.89303333886,72582.75721333554,48657422.55362165,64461367.98956504,113118790.5431867,256507173.66089892,60023081238.916626
H,2048,8,233435.3088290359,105045.88897306616,161678125.04115257,142805264.0397686,304483389.0809212,568256240.9886986,58839870245.54966
H,2048,9,415525.7935938532,207762.8967969266,458201702.63927317,282444516.62796265,740646219.2672358,1123914166.512654,30557633879.602146
H,2048,10,420746.4498333218,210373.2249166609,733601247.7308022,285993142.85230416,1019594390.5831063,1138034997.5091686,14682537379.160006
H,2049,1,32417.725629117653,0.0,0.0,0.0,0.0,0.0,0.0
H,2049,2,84958.81107836051,2548.764332350815,50.90052997963341,17206.809958273647,17257.71048825328,68470.0050242723,12174181.978093717
H,2049,3,263135.6182158883,13156.780910794414,1640.9930174782728,1066471.8199494292,1068112.8129669076,4243745.99633856,456547834.8409334
H,2049,4,664937.1840146489,46545.60288102543,1051725.0504335864,8822149.307919106,9873874.358352691,35105438.422515474,1895523056.2985067
H,2049,5,1258016.683650935,125801.66836509352,17053753.519131757,47371302.58395187,64425056.103083625,188501723.0849296,8502240797.961502
H,2049,6,336002.95769711945,84000.73942427986,25006322.27915613,46790945.32162492,71797267.60078105,186192342.97532406,19832142811.252277
H,2049,7,131474.3835240908,52589.75340963632,35254679.64963584,46705410.1713872,81960089.82102305,185851978.1906411,61167459433.92362
H,2049,8,170594.75258891337,76767.63866501102,118154532.31471083,104362226.98898122,222516759.30369204,415282218.1222436,60198494490.89356
H,2049,9,391861.3818017687,195930.69090088434,432106875.4534346,266359153.3293526,698466028.7827872,1059906665.4974238,32120891790.577557
H,2049,10,434426.50179916446,217213.25089958223,757453387.64818,295291857.21494246,1052745244.8631225,1175036802.0663798,16110026762.191511
H,2050,1,12575.300540783668,0.0,0.0,0.0,0.0,0.0,0.0
H,2050,2,59366.68308101358,1781.0004924304073,35.56777211923809,12023.605564417378,12059.173336536616,47844.79722865046,12410088.172407828
H,2050,3,226148.6186209461,11307.430931047305,1410.3309410771428,916565.8777591027,917976.2087001798,3647234.461671171,467024864.81570566
H,2050,4,633870.6420386115,44370.94494270281,1002587.3856856554,8409969.51352322,9412556.899208875,33465276.610905543,1957963926.9347882
H,2050,5,1221900.9745497792,122190.09745497792,16564166.688381366,46011345.91080209,62575512.599183455,183090130.78692874,8814115145.924982
H,2050,6,292387.8282223566,73096.95705558916,21760356.852636937,40717209.684187956,62477566.5368249,162023498.74330848,20304078689.095707
H,2050,7,84684.30455584014,33873.721822336054,22707982.71452847,30083542.309475444,52791525.024003915,119709597.42524831,62262860762.32794
H,2050,8,109965.349400212,49484.4072300954,76162392.05501916,67271874.31539656,143434266.37041572,267690849.35192403,61428807010.86219
H,2050,9,366280.02884620026,183140.01442310013,403898230.74168295,248970791.44757,652869022.189253,990714222.0232024,33638742780.32136
H,2050,10,446379.2701442641,223189.63507213205,778293886.1842365,303416488.5366203,1081710374.720857,1207366649.8862054,17593086315.197994
H,2051,1,866.8493917853951,0.0,0.0,0.0,0.0,0.0,0.0
H,2051,2,36446.11236769017,1093.3833710307051,21.83559788168002,7381.474873163131,7403.310471044811,29372.65087936886,12633498.444287425
H,2051,3,192210.94040484124,9610.547020242062,1198.685351781205,779018.6399606356,780217.3253124168,3099901.162473118,477187152.53962815
H,2051,4,604070.0410968509,42284.90287677957,955452.0482704842,8014585.773082355,8970037.82135284,31891950.30811318,2019881999.6306005
H,2051,5,1184930.620387509,118493.06203875091,16062994.235271594,44619207.11294914,60682201.348220736,177550478.13111252,9125613709.622177
H,2051,6,253842.29773709388,63460.57443427347,18891685.801817253,35349453.930815265,54241139.73263252,140663917.02573547,20762934840.79507
H,2051,7,41127.21818508937,16450.887274035747,11028208.409361545,14610173.80766621,25638382.217027754,58137369.82289323,63313148422.41468
H,2051,8,53566.54871074585,24104.94691983563,37100382.13123016,32769614.719852064,69869996.85108222,130398120.85754281,62539227677.41672
H,2051,9,339666.65595134505,169833.32797567252,374551574.140828,230880936.71649584,605432510.8573239,918730371.017198,35107628123.907875
H,2051,10,456580.41522627266,228290.20761313633,796080305.4479262,310350492.48092383,1106430797.92885,1234958707.1040223,19127787499.057068
H,2052,1,355.5040027985451,0.0,0.0,0.0,0.0,0.0,0.0
H,2052,2,15687.22270953006,470.6166812859018,9.398530178195966,3177.1520400283744,3186.5505702065702,12642.646526064464,12845746.572039766
H,2052,3,160221.6046034,8011.08023017,999.1902129632281,649367.9092748855,650367.0994878488,2583989.9504017937,487057332.051036
H,2052,4,574811.1189594273,40236.77832715992,909173.4792561572,7626388.833746438,8535562.313002596,30347222.002797246,2081296523.0031703
H,2052,5,1146485.2901840108,114648.52901840108,15541826.913905598,43171527.28987678,58713354.20378238,171789814.47528824,9436517428.076689
H,2052,6,219912.18461821735,54978.04615455434,16366507.602690574,30624429.845958788,46990937.44864936,121861918.07215434,21210968823.31819
H,2052,7,13747.0869166012,5498.834766640481,3686262.923390475,4883562.226279013,8569825.149669487,19432860.06996839,64340835976.50181
H,2052,8,7068.317720550144,3180.742974247565,4895541.989711002,4324080.120798698,9219622.110509701,17206547.193489626,63552332657.465996
H,2052,9,312310.91386184155,156155.45693092077,344386304.50988215,212286472.8574818,556672777.3673639,844738559.8135089,36524728361.32623
H,2052,10,465067.839595226,232533.919797613,810878731.2208627,316119632.47238374,1126998363.6932464,1257915492.537167,20710243383.220417
H,2053,1,0.0,0.0,0.0,0.0,0.0,0.0,0.0
H,2053,2,1184.405394435291,35.53216183305873,0.7096010587046513,239.8790458214528,240.58864688015746,954.5359954832896,13051090.645559227
H,2053,3,130662.30744063233,6533.115372031617,814.8495274469478,529565.9696692066,530380.8191966536,2107269.429479542,496665232.43680656
H,2053,4,546334.1834532728,38243.3928417291,864131.7713303382,7248567.014021369,8112698.785351707,28843778.775517557,2142239283.82459
H,2053,5,1107456.8057538632,110745.68057538633,15012754.317057839,41701888.47716405,56714642.79422189,165941770.75688118,9746732587.527885
H,2053,6,190901.94535602632,47725.48633900658,14207480.797219103,26584535.29149465,40792016.08871375,105786213.09764308,21650636789.785458
H,2053,7,11726.550966825675,4690.62038673027,3144458.917769438,4165780.117165663,7310239.034935101,16576633.684223225,65381982618.94019
H,2053,8,6487.538405418835,2919.392282438476,4493292.170674907,3968785.3547146805,8462077.525389588,15792744.491079178,64580129958.35624
H,2053,9,287637.2023998294,143818.6011999147,317178519.15306157,195515060.31283122,512693579.4658928,778001105.0510585,37896588919.48202
H,2053,10,471932.01265181927,235966.00632590964,822846903.3134658,320785403.0957958,1143632306.4092617,1276481707.8206406,22336753754.49043
M,2023,1,534829.0,0.0,0.0,0.0,0.0,0.0,0.0
M,2023,2,724288.0,21728.64,433.9354869724498,146690.9177856,147124.85327257245,583718.1849599999,496350.1889748392
M,2023,3,1317047.0,65852.35,8213.502015973787,5337907.199992,5346120.702007974,21240807.197200004,18061590.22959138
M,2023,4,1125706.0,78799.42000000001,1780518.8641658342,14935465.556099202,16715984.420265038,59431783.35472001,56634505.23029207
M,2023,5,1791664.0,179166.40000000002,24287910.201976098,67466082.585216,91753992.7871921,268463650.42560005,255827861.0524723
M,2023,6,1760971.0,440242.75,131056609.29908346,245228489.47134,376285098.7704235,975822708.969,929893622.4930476
M,2023,7,2150424.0,860169.6000000001,576633312.123475,763923984.811776,1340557296.935251,3039835925.7216,3088230113.6590877
M,2023,8,468327.0,210747.15,324364945.6715334,286501477.55039996,610866423.2219334,1140057782.6399999,1158207502.5396287
M,2023,9,62493.0,31246.5,68911243.16346094,42478241.904,111389485.06746094,169031066.39999998,171722040.97708797
M,2023,10,5619.0,2809.5,9797124.64034419,3819391.6319999998,13616516.272344189,15198271.2,15440227.677504
M,2024,1,509930.4855438406,0.0,0.0,0.0,0.0,0.0,0.0
M,2024,2,705959.0120864144,21178.77036259243,422.9542222048519,142978.725868676,143401.68009088087,568946.487020683,988041.5283170404
M,2024,3,1259550.0059738276,62977.50029869138,7854.933433116531,5104875.563011541,5112730.496444657,20313518.676343504,35622224.32704901
M,2024,4,1169904.001074302,81893.28007520115,1850426.437432048,15521868.864506258,17372295.301938307,61765222.12519792,116394242.49838066
M,2024,5,1818125.9087239525,181812.59087239526,24646629.505852405,68462520.15349478,93109149.65934718,272428713.41356057,519506940.8626036
M,2024,6,1655689.8450442243,413922.4612610561,123221278.00084211,230567294.82383987,353788572.824682,917482315.0429615,1818996667.1846786
M,2024,7,2089671.231273123,835868.4925092492,560342538.6519872,742341963.23176,1302684501.883747,2953955909.0537167,6138377624.194392
M,2024,8,622038.4918893108,279917.32135018986,430826071.58519346,380535282.01344365,811361353.5986371,1514240741.5759869,2714993620.1619363
M,2024,9,90362.52234438545,45181.261172192724,99643060.02492468,61421936.58810443,161064996.61302912,244412550.43709373,422759454.1094955
M,2024,10,9794.496046618868,4897.248023309434,17077397.856928896,6657593.208776149,23734991.065705046,26492152.90689471,42599944.083302334
M,2025,1,486749.7601451431,0.0,0.0,0.0,0.0,0.0,0.0
M,2025,2,686635.4599934008,20599.063799802025,411.37709406311916,139065.10367501545,139476.48076907857,553373.2499178816,1474318.2803192004
M,2025,3,1207112.1129744044,60355.60564872022,7527.914928944561,4892348.13871003,4899876.053638975,19467821.313206006,52743306.07520038
M,2025,4,1204973.2428516203,84348.12699961344,1905895.1357746948,15987155.051702252,17893050.187476948,63616706.953140445,178869695.70126358
M,2025,5,1844617.472372147,184461.7472372147,25005750.813752368,69460074.39407817,94465825.20783053,276398219.90723145,791166465.1960653
M,2025,6,1561938.3685983727,390484.59214959317,116244019.07961275,217511694.84262264,333755713.92223537,865530965.6367337,2672748079.18213
M,2025,7,2028863.085639023,811545.2342556092,544036915.9370818,720740269.3696117,1264777185.3066936,2867997611.6783857,9149756729.627872
M,2025,8,756261.8211265989,340317.8195069695,523789626.7419648,462647101.63566667,986436728.3776314,1840983276.404902,4628508048.760182
M,2025,9,126812.27968403656,63406.13984201828,139836331.13179815,86197857.2450708,226034188.37686896,343001854.08938205,777952228.2254038
M,2025,10,15793.396615252648,7896.698307626324,27536906.056953236,10735213.894492451,38272119.951445684,42717979.16493536,86676184.58634965
M,2026,1,464929.57243943296,0.0,0.0,0.0,0.0,0.0,0.0
M,2026,2,666901.4379122651,20007.043137367953,399.5540451078656,135068.34850209655,135467.9025472044,537469.2068422526,1954812.9521487886
M,2026,3,1159068.520113307,57953.42600566536,7228.30060476384,4697630.531633946,4704858.83223871,18692993.464979373,69478099.9237459
M,2026,4,1232412.4860758549,86268.87402530985,1949295.5353276725,16351209.140479412,18300504.675807085,65065365.091873094,243720232.207307
M,2026,5,1870697.533370385,187069.7533370385,25359293.76577198,70442133.27852,95801427.04429199,280306066.6792318,1070874725.1485845
M,2026,6,1478407.9462019592,369601.9865504898,110027440.87781715,205879453.70453718,315906894.5823543,819243500.9004074,3495982362.8764973
M,2026,7,1968674.3614246333,787469.7445698534,527897390.2452974,699358620.8935002,1227256011.1387975,2782914927.4308834,12122639789.839132
M,2026,8,872997.0397776986,392848.6678999644,604640854.3152599,534060478.6686139,1138701332.9838738,2125154153.8716471,6861180504.897729
M,2026,9,169669.60859096277,84834.80429548139,187095253.14932996,115329183.70831794,302424436.8576479,458922357.31683606,1256565628.9440722
M,2026,10,24173.494093500318,12086.747046750159,42148199.79118112,16431400.793186784,58579600.5843679,65384466.82409965,154481456.98090366
M,2027,1,444354.15441392467,0.0,0.0,0.0,0.0,0.0,0.0
M,2027,2,646998.9522294053,19409.96856688216,387.63006622549557,131037.47419376412,131425.10425998963,521429.39558072225,2429318.046001351
M,2027,3,1114750.7422184434,55737.537110922174,6951.921585577022,4518013.414163849,4524965.335749426,17978254.07020217,85871550.88590676
M,2027,4,1253291.7579570673,87730.42305699472,1982320.0883233445,16628227.87007513,18610547.958398476,66167688.75635433,310653629.8069988
M,2027,5,1895841.3142865782,189584.13142865783,25700144.445938945,71388936.02713607,97089080.47307502,284073620.8692266,1358626167.1657798
M,2027,6,1403867.6141367322,350966.90353418305,104479931.47732368,195499150.43035054,299979081.9076742,777937795.8301146,4292960968.5697584
M,2027,7,1909476.7852859923,763790.714114397,512023639.5810069,678329071.2535087,1190352710.8345156,2699233328.517422,15057837338.400791
M,2027,8,974041.2447860007,438318.5601537003,674624430.0389341,595874796.5123087,1270499226.5512428,2371128083.007457,9379286940.624638
M,2027,9,217153.5159410681,108576.75797053405,239455918.91596556,147605325.08359033,387061243.9995559,587356829.917401,1873277704.4065478
M,2027,10,35315.91874478669,17657.959372393347,61575806.67929222,24005218.816556368,85581025.49584858,95522497.02089904,253984016.94951138
M,2028,1,424916.8166693096,0.0,0.0,0.0,0.0,0.0,0.0
M,2028,2,626912.4592258944,18807.373776776833,375.5958448618292,126969.33266197146,127344.9285068333,505241.2891393328,2897612.1086907475
M,2028,3,1073740.4558254888,53687.022791274445,6696.169080188683,4351801.348071533,4358497.517151722,17316856.575371157,101963582.73613712
M,2028,4,1268381.1170575998,88786.67819403199,2006186.7893329067,16828428.10273767,18834614.892070577,66964333.28079003,379411755.92121595
M,2028,5,1919772.4285596213,191977.24285596213,26024556.14059648,72290075.15361367,98314631.29421015,287659468.6043451,1654375684.6362245
M,2028,6,1337294.00015094,334323.500037735,99525328.52374639,186228272.71777952,285753601.2415259,741046759.9496417,5067472789.64661
M,2028,7,1851926.204302782,740770.4817211129,496591528.45921004,657884605.8118438,1154476134.2710538,2617879919.3204856,17957114676.4642
M,2028,8,1061076.3691894326,477484.36613524467,734905266.7163718,649118986.4487551,1384024253.1651268,2582999427.0452194,12152725966.643162
M,2028,9,266036.6227847676,133018.3113923838,293359486.7122246,180832541.5322445,474192028.2444691,719575857.3082393,2634131790.4172864
M,2028,10,49185.5262341629,24592.76311708145,85758450.08311316,33432779.376095075,119191229.45920824,133037011.35816379,393182403.0783334
M,2029,1,406525.03678608756,0.0,0.0,0.0,0.0,0.0,0.0
M,2029,2,606840.9441336454,18205.22832400936,363.57059706560733,122904.22462452015,123267.79522158577,489065.2536961874,3359606.5248729247
M,2029,3,1035404.1460005154,51770.20730002577,6457.0922985458,4196426.737874744,4202883.83017329,16698583.905037913,117786067.00029114
M,2029,4,1278616.9655195305,89503.18758636714,2022376.737043242,16964233.687979836,18986610.42502308,67504736.12863949,449779479.08856505
M,2029,5,1942393.618192594,194239.36181925941,26331210.414203312,73141888.35517043,99473098.76937374,291049036.7074256,1958063565.5903888
M,2029,6,1277862.6188296974,319465.65470742434,95102271.40246333,177952004.75618133,273054276.1586447,708113513.7356697,5822931663.117917
M,2029,7,1795711.239981642,718284.4959926568,481517561.15443575,637914609.4063641,1119432170.5607998,2538414535.7000647,20821818037.22192
M,2029,8,1123265.750950357,505469.5879276606,777977853.6828043,687163664.1257857,1465141517.80859,2734388282.8534727,15124117108.348621
M,2029,9,316004.03050798655,158002.01525399328,348458716.76779145,214796787.64913267,563255504.4169241,854727701.718002,3544402135.250082
M,2029,10,66101.64909794272,33050.82454897136,115252908.90636054,44931141.73804641,160184050.64440694,178791740.48011544,581079971.9238993
M,2030,1,389096.7965411243,0.0,0.0,0.0,0.0,0.0,0.0
M,2030,2,586893.9069736851,17606.817209210552,351.6199264985609,118864.3272520688,119215.94717856737,472989.5375082322,3815286.3081501704
M,2030,3,999500.0947461112,49975.004737305564,6233.183814368945,4050909.9159999248,4057143.099814294,16119537.728027385,133368067.75030217
M,2030,4,1284784.0817662883,89934.88572364018,2032131.2082949325,17046056.785914738,19078187.99420967,67830329.770941,521577725.32205397
M,2030,5,1963445.2542674285,196344.52542674285,26616587.72076875,73934599.16365834,100551186.88442709,294203422.2775332,2269592075.5876474
M,2030,6,1223595.7067869173,305898.9266967293,91063569.1810989,170394928.08170742,261458497.2628063,678042101.3631955,6561761401.851404
M,2030,7,1686846.4924316646,674738.5969726659,452325625.0742816,599241123.7338146,1051566748.8080962,2384523502.747013,23575786497.285236
M,2030,8,1170167.6842719838,526575.4579223928,810462299.4947251,715856165.7253443,1526318465.2200694,2848562597.1769757,18258804766.437565
M,2030,9,366337.0614652987,183168.53073264935,403961120.80429703,249009558.11568454,652970678.9199816,990868483.8513398,4607472127.357516
M,2030,10,86089.92074949652,43044.96037474826,150103876.8215289,58517729.651213765,208621606.47274268,232856017.6432382,826893850.5210463
M,2031,1,372559.6213897832,0.0,0.0,0.0,0.0,0.0,0.0
M,2031,2,567176.8153164387,17015.30445949316,339.80702090028,114871.0010182167,115210.80803911698,457099.1389998242,4264708.509829912
M,2031,3,965787.0149093837,48289.350745469186,6022.938888254958,3914272.9610587778,3920295.899947033,15575826.661652578,148735802.81798977
M,2031,4,1287365.4956901302,90115.58469830912,2036214.2070420485,17080306.064807784,19116520.271849833,67966615.82881992,594648871.1121213
M,2031,5,1981735.9755651965,198173.59755651967,26864537.892458066,74623346.22427818,101487884.11673625,296944111.2730793,2588691812.3410277
M,2031,6,1129601.4949072863,282400.37372682156,84068245.17934982,157305525.36111122,241373770.54046106,625956242.7864287,7262718978.637829
M,2031,7,1579624.0943030207,631849.6377212084,423574082.7892524,561151071.893104,984725154.6823564,2232954092.3081994,26219615739.779766
M,2031,8,1203051.6071692412,541373.2232261585,833237821.4356676,735973076.5541406,1569210897.989808,2928612588.364227,21524721039.090237
M,2031,9,415746.72829912347,207873.36414956173,458445328.0884935,282594692.13330656,741040020.2218001,1124511750.703469,5823237061.399717
M,2031,10,109077.15245039441,54538.576225197205,190183744.07729822,74142794.68080169,264326538.7580999,295031881.94782674,1139786790.1297777
M,2032,1,356848.59623132506,0.0,0.0,0.0,0.0,0.0,0.0
M,2032,2,547747.6836387377,16432.430509162128,328.16663790896297,110935.99566457389,111264.16230248284,441440.8131981314,4707970.846446738
M,2032,3,933804.0311809833,46690.201559049165,5823.483362878815,3784647.9749185294,3790471.458281408,15060017.893274426,163909587.11635143
M,2032,4,1286802.4213674604,90076.16949572224,2035323.5975459272,17072835.39559952,19108158.993145447,67936888.25238565,668854981.1557614
M,2032,5,1997487.8368070088,199748.7836807009,27078071.11707782,75216491.12835114,102294562.24542895,299304376.46229696,2915120791.396668
M,2032,6,1043321.4983757662,260830.37459394155,77647035.63316326,145290385.2929232,222937420.9260865,578145131.7884487,7929275016.5225
M,2032,7,1474245.2558729867,589698.1023491947,395316888.5653992,523715932.51207584,919032821.0774751,2083990734.9096444,28754199889.766468
M,2032,8,1223746.407164424,550685.8832239908,847571113.5074908,748633228.0641536,1596204341.5716443,2978990353.8885,24893810478.354958
M,2032,9,463435.7557892154,231717.8778946077,511032180.5295461,315010259.41109174,826042439.9406378,1253501032.2586696,7189399764.109429
M,2032,10,134938.51357209057,67469.25678604528,235274859.62778917,91721485.95332997,326996345.5811191,364981691.50979054,1528724395.8672702
M,2033,1,341901.992911596,0.0,0.0,0.0,0.0,0.0,0.0
M,2033,2,528528.5229218671,15855.855687656012,316.6520527372122,107043.51598159324,107360.16803433045,425951.70719319105,5145119.144779287
M,2033,3,902814.6378282089,45140.73189141045,5630.224166527571,3659049.9469809094,3664680.171147437,14560233.353038223,178899958.7515753
M,2033,4,1250366.8972028177,87525.68280419725,1977693.862871939,16589421.861178065,18567115.724050004,66013270.38185043,742409373.6000183
M,2033,5,1954039.2934725136,195403.92934725137,26489079.92290587,73580412.59308314,100069492.515989,292794029.3496388,3240542595.4541807
M,2033,6,961219.3124040994,240304.82810102485,71536750.96096285,133857036.84588638,205393787.80684924,532649108.5562952,8563087966.44345
M,2033,7,1369596.3905403938,547838.5562161575,367255435.6488132,486540111.27361065,853795546.9224238,1936059266.3136756,31178848081.84494
M,2033,8,1232895.3135139262,554802.8910812668,853907678.5806346,754230119.0977746,1608137797.678409,3001261719.5932207,28339161747.339516
M,2033,9,508616.48857350514,254308.24428675257,560853127.8868748,345720868.54509145,906573996.4319663,1375705878.2936165,8701462124.230103
M,2033,10,163511.15063107017,81755.57531553508,285093276.8853333,111143107.39615606,396236384.2814894,442264960.2269185,2002367506.6432083
M,2034,1,327668.7190620333,0.0,0.0,0.0,0.0,0.0,0.0
M,2034,2,509720.57213303156,15291.617163990946,305.38383169184465,103234.31913878943,103539.70297048127,410794.00349345274,5576337.869016504
M,2034,3,872711.0079848588,43635.550399242944,5442.488858367357,3537041.8618581216,3542484.350716489,14074734.052376611,193716144.89097688
M,2034,4,1214129.5323287593,84989.06726301316,1920377.5549319251,16108637.433520844,18029014.98845277,64100114.35484073,815311642.5362275
M,2034,5,1909662.769420471,190966.27694204712,25887508.963589925,71909390.4390744,97796899.40266432,286144633.2350712,3564808685.910622
M,2034,6,885515.586761293,221378.89669032325,65902658.40972022,123314722.24403423,189217380.65375444,490698721.73231614,9167015312.237822
M,2034,7,1269887.7915077205,507955.1166030882,340518708.51620966,451119287.15100074,791637995.6672103,1795111350.254847,33498904866.258816
M,2034,8,1232976.3032093076,554839.3364441885,853963772.3316727,754279664.9650706,1608243437.2967434,3001458874.4284816,31839563302.066544
M,2034,9,551019.6819888181,275509.84099440905,607611273.1567434,374543506.3988953,982154779.5556388,1490398035.8433552,10354114573.821827
M,2034,10,194535.03560370445,97267.51780185223,339185618.56616604,132230910.68083481,471416529.2470009,526178364.30089974,2568800321.2095385
M,2035,1,314103.5264070543,0.0,0.0,0.0,0.0,0.0,0.0
M,2035,2,491386.31280586345,14741.589384175903,294.39940871450153,99521.05959614688,99815.45900486138,396018.0572165014,6001857.238234591
M,2035,3,843381.5712993217,42169.07856496609,5259.581652061102,3418171.532055588,3423431.113707649,13601720.629286943,208365989.55580848
M,2035,4,1177756.687564661,82442.96812952629,1862846.9596913806,15626055.507021802,17488902.466713183,62179805.6507788,887544590.1364256
M,2035,5,1862692.4630760772,186269.24630760774,25250776.527903356,70140698.00182961,95391474.52973297,279106583.74430466,3887530303.1932673
M,2035,6,815535.5464320134,203883.88660800335,60694539.250365235,113569473.97867797,174264013.22904322,451920052.1642895,9743603709.00092
M,2035,7,1173208.5196860647,469283.4078744259,314594291.4132536,416774611.59924895,731368903.0125026,1658445686.2945893,35717055573.35006
M,2035,8,1224961.796187776,551232.8082844992,848412896.2672491,749376748.6192122,1597789644.8864613,2981948999.6958265,35375870777.60642
M,2035,9,590293.2565548444,295146.6282774222,650918377.1014693,401238854.6915113,1052157231.7929806,1596625200.329543,12140995551.355862
M,2035,10,227776.3199863212,113888.1599931606,397144153.23454535,154825942.43166214,551970095.6662076,616089390.2990016,3235593155.715756
M,2036,1,301159.9902289142,0.0,0.0,0.0,0.0,0.0,0.0
M,2036,2,472918.70466404053,14187.561139921216,283.3350937841999,95780.79275805372,96064.12785183793,381134.6424628435,6421495.135564888
M,2036,3,774668.8599286397,38733.442996431986,4831.068475715746,3139683.310483741,3144514.378959457,12493549.50538513,222306754.09244555
M,2036,4,1136731.0800481483,79571.17560337039,1797957.132243526,15081742.384429472,16879699.516673,60013853.7788716,958863479.3339049
M,2036,5,1814119.5851080858,181411.9585108086,24592319.530197244,68311659.85829927,92903979.38849652,271828404.28042966,4208454031.523131
M,2036,6,799522.5397978856,199880.6349494714,59502804.48917239,111339542.06680565,170842346.55597803,443046620.68106055,10320915607.711815
M,2036,7,1032630.9709983286,413052.3883993315,276898610.23130614,366835361.8658909,643733972.097197,1459725488.3936837,37768635416.246704
M,2036,8,1203846.1286656093,541730.7578995242,833788109.8495414,736459129.2110555,1570247239.060597,2930546707.9332657,38916255651.90948
M,2036,9,626064.7719217301,313032.38596086507,690363748.4834311,425553755.28881377,1115917503.772245,1693379995.0938954,14054618805.149237
M,2036,10,262971.3686386144,131485.6843193072,458509214.3431936,178749002.4619881,637258216.8051817,711284957.8937242,4009712413.178143
M,2037,1,288790.6619339078,0.0,0.0,0.0,0.0,0.0,0.0
M,2037,2,454615.4540750469,13638.463622251405,272.3692487646583,92073.81345236412,92346.18270112878,366383.68674816174,6835270.561212559
M,2037,3,711269.3155837962,35563.46577918981,4435.689810194933,2882729.0148249287,2887164.7046351237,11471067.014009234,235600013.13512737
M,2037,4,1092791.000611692,76495.37004281844,1728457.511268284,14498761.08828691,16227218.599555194,57694032.012214355,1029107130.624635
M,2037,5,1764969.6896395604,176496.96896395605,23926040.446855694,66460893.80688881,90386934.25374451,264463764.2834676,4527468857.416366
M,2037,6,781281.1395892826,195320.28489732064,58145226.16436914,108799289.5476001,166944515.71196926,432938349.4108655,10897785806.988197
M,2037,7,906691.9595777164,362676.7838310866,243128233.18890715,322096356.23365754,565224589.4225647,1281698303.3519247,39672015032.414635
M,2037,8,1172604.466371641,527672.0098672385,812150023.4426689,717346879.8460765,1529496903.2887454,2854494504.5778127,42435740498.97857
M,2037,9,657888.7033936179,328944.35169680894,725456105.7086655,447185372.58033705,1172641478.2890024,1779457364.9390574,16086154662.7161
M,2037,10,299807.6092237356,149903.8046118678,522735809.87516314,203787626.60243133,726523436.4775945,810919621.4283599,4897376496.597438
M,2038,1,276338.6370499161,0.0,0.0,0.0,0.0,0.0,0.0
M,2038,2,413599.14529940777,12407.974358982232,247.79555442985043,83766.7312164634,84014.52677089325,333327.82317969867,7227525.063125453
M,2038,3,649570.9816278992,32478.549081394962,4050.920405360493,2632669.6159950513,2636720.5364004117,10476020.963302108,248258788.2888993
M,2038,4,1046389.6105072091,73247.27273550464,1655064.8577650161,13883124.00039662,15538188.858161636,55244265.05348136,1098134597.164618
M,2038,5,1714461.0436400124,171446.10436400125,23241342.05560576,64558963.265072405,87800305.32067817,256895528.56343693,4844350378.071155
M,2038,6,761259.2559663286,190314.81399158214,56655139.05935424,106011091.28810124,162666230.34745547,421843442.8419253,11473267077.679396
M,2038,7,791807.4409580977,316722.9763832391,212322103.56826407,281284386.47463244,493606490.0428965,1119297731.6464612,41440710463.264946
M,2038,8,1133489.9333744398,510070.47001849796,785059158.7891158,693418360.8894671,1478477519.678583,2759277214.6120663,45914522395.591
M,2038,9,685340.1513030389,342670.07565151947,755726910.4720021,465844890.36491203,1221571800.836914,1853708041.2444596,18225465318.20761
M,2038,10,338013.80027364683,169006.90013682342,589351011.1118215,229757444.4324054,819108455.5442269,914259726.9801599,5904157472.256953
M,2039,1,263880.74902915873,0.0,0.0,0.0,0.0,0.0,0.0
M,2039,2,375213.12231053144,11256.393669315943,224.79771713499852,75992.3639172987,76217.1616344337,302391.75953250343,7599718.547150557
M,2039,3,589548.7468791342,29477.437343956713,3676.6036603147713,2389403.3399813306,2393079.9436416454,9508006.370167926,260295964.0954919
M,2039,4,997665.6899177686,69836.59829424381,1577998.6790774933,13236672.406710792,14814671.085788285,52671879.819091395,1165809670.2962499
M,2039,5,1662236.311974523,166223.6311974523,22533380.298817825,62592412.58395438,85125792.8827722,249070153.88078734,5158819595.075321
M,2039,6,739809.6816165504,184952.4204041376,55058799.03717868,103024076.33010404,158082875.36728272,409957397.16131365,12046583405.506878
M,2039,7,686514.5107968026,274605.80431872106,184087945.53148,243879765.4411411,427967710.9726211,970455814.0391428,43086352044.438774
M,2039,8,1087823.7174643828,489520.6728589723,753430575.2509253,665481815.842167,1418912391.0930924,2648111031.8978963,49335750551.654526
M,2039,9,708299.1404341027,354149.57021705137,781043865.6957551,481450758.1289917,1262494623.8247468,1915807515.046161,20461921896.759174
M,2039,10,377227.3295770417,188613.66478852084,657722577.9694738,256411978.27874336,914134556.2482172,1020324481.0399822,7034719705.9934225
M,2040,1,251474.33722623697,0.0,0.0,0.0,0.0,0.0,0.0
M,2040,2,338970.93892433454,10169.128167730036,203.08429720172035,68652.19102547217,68855.2753226739,273183.4590978997,7953000.802205954
M,2040,3,531937.7563349402,26596.88781674701,3317.3241608155245,2155909.682409107,2159227.006569923,8578879.359067382,271734711.77804625
M,2040,4,946402.3219255982,66248.16253479187,1496915.8797047131,12556528.330960372,14053444.210665086,49965424.15434059,1231983059.7844174
M,2040,5,1607710.2580459302,160771.02580459302,21794221.672264088,60539204.36109988,82333426.03336397,240899948.1497054,5470509503.683065
M,2040,6,717156.9499296494,179289.23748241234,53372916.529035635,99869512.64110614,153242429.1701418,397404635.07706594,12617064988.544256
M,2040,7,587462.0317889357,234984.81271557428,157527156.10374516,208692023.64269835,366219179.7464435,830435388.1975886,44615942688.56393
M,2040,8,1037119.2316503804,466703.6542426712,718312468.0600908,634463082.9821248,1352775551.0422156,2524680087.9911537,52686048695.42883
M,2040,9,726689.8380087368,363344.9190043684,801323350.3182133,493951430.21000266,1295274780.528216,1965550673.8460312,22784517933.92924
M,2040,10,417122.3361652535,208561.16808262674,727282348.7600173,283529731.3169354,1010812080.0769527,1128232494.8597775,8292906399.890783
M,2041,1,239153.18868411344,0.0,0.0,0.0,0.0,0.0,0.0
M,2041,2,304154.8697440865,9124.646092322595,182.22529093046165,61600.850755113526,61783.076046043985,245124.49262415417,8288048.068972686
M,2041,3,475482.8157789849,23774.140788949248,2965.254137446564,1927101.421452016,1930066.6755894627,7668396.659757158,282581358.0859966
M,2041,4,893228.2558916209,62525.977912413466,1412810.9467489538,11851033.795328325,13263844.742077278,47158092.95718884,1296534731.2058346
M,2041,5,1550692.8592767841,155069.28592767843,21021290.21789805,58392183.192982756,79413473.4108808,232356438.31117707,5779020123.516628
M,2041,6,693495.4043834871,173373.85109587177,51611955.14463132,96574464.01574963,148186419.16038096,384292849.88966113,13184133986.11407
M,2041,7,494882.3942678012,197952.95770712048,132702050.4413258,175803716.21701166,308505766.6583375,699564960.725133,46036930531.06574
M,2041,8,982188.522208402,441984.83499378094,680267263.3551601,600858935.8413054,1281126199.1964655,2390961163.382357,55953835855.76346
M,2041,9,740732.8708219306,370366.4354109653,816808650.2548856,503496872.8180492,1320305523.0729346,2003534268.9991577,25182677993.999016
M,2041,10,457361.8189427848,228680.9094713924,797442738.1948736,310881634.4663412,1108324372.6612148,1237072247.876444,9681695907.839682
M,2042,1,226960.98542722865,0.0,0.0,0.0,0.0,0.0,0.0
M,2042,2,271242.85636355594,8137.285690906678,162.50704272874586,54935.141190738614,55097.64823346736,218600.04280051697,8605874.884369083
M,2042,3,420913.95489197655,21045.69774459883,2624.946275308891,1705937.320684068,1708562.2669593769,6788331.898915842,292852341.90020466
M,2042,4,840114.0217482841,58807.981522379894,1328800.6493463174,11146333.087873274,12475133.737219593,44353920.59188327,1359441876.9638598
M,2042,5,1549853.196980971,154985.3196980971,21009907.702850193,58360565.25245762,79370472.95530781,232230622.9769075,6092322338.839041
M,2042,6,616916.2930051672,154229.0732512918,45912713.82811931,85910245.3498188,131822959.1779381,341857377.68959033,13719792561.992586
M,2042,7,467252.57585980126,186901.03034392052,125293151.683697,165988404.92125553,291281556.6049525,660507493.6312937,47440861238.05022
M,2042,8,863477.3584106136,388564.81128477614,598047489.1463826,528236764.0899566,1126284253.236339,2101980203.1261249,58980064650.547104
M,2042,9,744997.0204065109,372498.51020325546,821510742.471748,506395334.68687683,1327906077.158625,2015067940.7955306,27630734050.076477
M,2042,10,497659.73690588603,248829.86845294302,867705013.5162597,338273257.64756405,1205978271.1638236,1346070056.3830404,11203327998.373146
M,2043,1,214364.91713749574,0.0,0.0,0.0,0.0,0.0,0.0
M,2043,2,218871.5897298788,6566.1476918963635,131.13036509491968,44328.32571390003,44459.45607899495,176392.9915951039,8892871.790162064
M,2043,3,365726.493214133,18286.32466070665,2280.7806322092565,1482266.0705013152,1484546.8511335244,5898290.591960252,302530015.36679614
M,2043,4,786122.0158105681,55028.54110673977,1243401.9883404623,10429986.417439377,11673388.405779839,41503406.15936085,1420634155.3266463
M,2043,5,1543482.042554618,154348.2042554618,20923539.931554805,58120655.96662529,79044195.8981801,231275966.649201,6409702601.949243
M,2043,6,547182.7270209102,136795.68175522756,40722938.00998794,76199320.4954235,116922258.50541145,303215289.1686402,14227155502.604237
M,2043,7,431182.16473948315,172472.86589579328,115620919.30814481,153174628.56978607,268795547.8779309,609518418.1842698,48815341700.36174
M,2043,8,751551.9070658424,338198.3581796291,520527523.5140176,459765787.2174458,980293310.7314634,1829517838.4085214,61777671042.1798
M,2043,9,741086.2710221929,370543.13551109645,817198345.8549414,503737088.8293731,1320935434.6843145,2004490145.8608272,30107016965.136627
M,2043,10,537298.8717048726,268649.4358524363,936818653.7122154,365217087.4662096,1302035741.178425,1453285988.1873393,12858107281.22653
M,2044,1,201483.16027230088,0.0,0.0,0.0,0.0,0.0,0.0
M,2044,2,169683.58238238178,5090.507471471453,101.66084203014357,34366.21956020263,34467.880402232775,136751.3927136091,9150729.4425407
M,2044,3,310529.433468738,15526.4716734369,1936.5551326677614,1258555.919965053,1260492.4750977207,5008094.491210419,311604801.3599978
M,2044,4,731784.7062204999,51224.929435435,1157457.1637120643,9709058.381350413,10866515.545062477,38634661.37907604,1480066893.3060071
M,2044,5,1531988.2996297749,153198.8299629775,20767730.027441543,57687852.82419417,78455582.85163571,229553739.61184534,6730494391.93966
M,2044,6,484486.1440876494,121121.53602191235,36056875.04025593,67468348.5897316,103525223.62998754,268472667.398586,14709488271.828928
M,2044,7,389589.11092484306,155835.64436993722,104467797.69935237,138398969.71805704,242866767.41740942,550722543.8607806,50151971986.99055
M,2044,8,646242.179059069,290808.9805765811,447589631.392485,395342013.4987166,842931644.8912016,1573160261.3270729,64359376537.8587
M,2044,9,730386.1568142625,365193.07840713125,805399293.6081378,496463921.599045,1301863215.207183,1975548476.951217,32593319883.925884
M,2044,10,575764.2271404754,287882.1135702377,1003885726.4187009,391363066.58574104,1395248793.004442,1557327081.5695577,14644928077.8518
M,2045,1,188433.25276105313,0.0,0.0,0.0,0.0,0.0,0.0
M,2045,2,124012.68045708764,3720.380413712629,74.29848745927742,25116.436988190504,25190.73547564978,99944.29943397605,9381394.195679916
M,2045,3,255454.77225603795,12772.738612801899,1593.0929472639111,1035341.8428482974,1036934.9357955614,4119872.3850364783,320068780.44825006
M,2045,4,677310.1947737577,47411.71363416305,1071295.3281642906,8986309.999980723,10057605.328145014,35758673.010303915,1537705176.36482
M,2045,5,1515738.8607472496,151573.88607472496,20547451.608937137,57075971.36337793,77623422.97231507,227118917.18991217,7054072964.689117
M,2045,6,427008.08699115756,106752.02174778939,31779190.017523956,59464095.75449461,91243285.77201857,236621834.31719306,15169148070.092957
M,2045,7,343577.68648540287,137431.07459416115,92129895.93205746,122053713.75707303,214183609.68913049,485680867.8914671,51443804288.33173
M,2045,8,546024.823454447,245711.17055450115,378178734.50625384,334033525.0773399,712212259.5835937,1329199148.2316294,66734337811.01289
M,2045,9,713958.0401572885,356979.0200786443,787283953.6233965,485297270.7200334,1272581224.34343,1931113707.017434,35074062573.71114
M,2045,10,612638.6019165128,306319.3009582564,1068178811.6145725,416427611.6035074,1484606423.21808,1657064890.4637837,16561520696.371168
M,2046,1,175330.58339662856,0.0,0.0,0.0,0.0,0.0,0.0
M,2046,2,82156.9223498453,2464.7076704953593,49.221862170901446,16639.34007182099,16688.56193399189,66211.90686018733,9587047.633624505
M,2046,3,203476.92778482966,10173.846389241484,1268.9434443606424,824678.9657885364,825947.909232897,3281594.5005426193,327954697.4079239
M,2046,4,658621.7704608918,46103.523932262426,1041736.0186904196,8738358.654227411,9780094.672917832,34772015.40609524,1595320842.3386438
M,2046,5,1460460.4526579909,146046.0452657991,19798094.021922998,54994432.835322894,74792526.85724589,218835978.41045442,7374909822.948138
M,2046,6,374620.4287167422,93655.10717918555,27880347.35483164,52168719.33683888,80049066.69167052,207591789.74866682,15608461966.045732
M,2046,7,296314.12350544333,118525.64940217734,79456234.89409912,105263643.81363256,184719878.70773166,418869170.8846971,52688327220.68716
M,2046,8,452483.2340516464,203617.45532324087,313391497.0318645,276808971.3439117,590200468.3757763,1101488986.3166037,68915773159.943
M,2046,9,692865.5996653889,346432.79983269447,764025247.9179876,470960148.3293555,1234985396.247343,1874062873.9749439,37536339604.81325
M,2046,10,647529.9574105877,323764.97870529385,1129014362.1833587,440144242.8907839,1569158605.0741425,1751439028.8041575,18604502044.00012
M,2047,1,162259.52733109985,0.0,0.0,0.0,0.0,0.0,0.0
M,2047,2,43308.40740263274,1299.2522220789822,25.946936655394936,8771.303721344091,8797.250657999486,34903.11169392977,9769352.421799073
M,2047,3,153692.4710870079,7684.623554350395,958.4725686426773,622905.7489974934,623864.2215661361,2478690.696702829,335283428.95647955
M,2047,4,636017.0328708916,44521.192300962415,1005982.3123954245,8438447.061253661,9444429.373649085,33578595.57246267,1652716500.620185
M,2047,5,1405579.5023149466,140557.95023149467,19054124.39718813,52927860.794918574,71981985.19210671,210612594.85867253,7693018070.761429
M,2047,6,325855.9857714316,81463.9964428579,24251154.967920657,45377902.97280457,69629057.94072522,180569510.09939533,16029019318.289948
M,2047,7,247989.00747640914,99195.60299056367,66497919.82945456,88096464.13028118,154594383.95973575,350556864.18624,53883263119.504585
M,2047,8,379122.65412810876,170605.19435764896,262581698.4908228,231930255.100672,494511953.5914948,922905859.3971378,70950510789.32803
M,2047,9,653710.5496400802,326855.2748200401,720848841.3865116,444345364.4857524,1165194205.872264,1768156294.6664886,39930223474.199455
M,2047,10,679007.8619773862,339503.9309886931,1183898319.196668,461540656.0061647,1645438975.2028327,1836580465.076434,20766504542.62105
M,2048,1,149467.56628096677,0.0,0.0,0.0,0.0,0.0,0.0
M,2048,2,13810.691072204969,414.32073216614907,8.274262387121322,2797.0958356829588,2805.37009807008,11130.312148911427,9934344.89547735
M,2048,3,107541.77260955764,5377.088630477882,670.662904307892,435859.9217130901,436530.584617398,1734390.691937902,342095936.9799644
M,2048,4,610203.9598692026,42714.27719084419,965154.0113811303,8095968.418771699,9061122.43015283,32215791.28576974,1709727236.658749
M,2048,5,1352497.5928452092,135249.75928452093,18334542.68401512,50929032.61727686,69263575.30129199,202658780.3109633,8008611149.839667
M,2048,6,282463.45988511504,70615.86497127876,21021756.351144258,39335166.5634898,60356922.914634064,156524019.19727775,16433358202.761883
M,2048,7,200844.24272265472,80337.6970890619,53856114.37655808,71348596.47548294,125204710.85204102,283913100.16195637,55029517665.08363
M,2048,8,309440.97989886184,139248.44095448783,214319923.11662662,189302128.5462242,403622051.66285086,753278366.1873972,72845313478.87123
M,2048,9,614958.284499187,307479.1422495935,678116587.1138891,418004364.80606335,1096120951.9199524,1663339167.913401,42255732159.37529
M,2048,10,707138.042914402,353569.021457201,1232945282.8548594,480661527.6341206,1713606810.4889798,1912666978.4748743,23040223931.711773
M,2049,1,137684.07770822613,0.0,0.0,0.0,0.0,0.0,0.0
M,2049,2,12371.624579037494,371.1487373711248,7.4120887497031065,2505.6399719419583,2513.052060691661,9970.539680737897,10100977.865766196
M,2049,3,66563.28226547563,3328.164113273782,415.1086886628315,269776.72297190776,270191.8316605706,1073505.991064685,348454933.3214777
M,2049,4,581802.1859774425,40726.153018420984,920231.1858920138,7719143.8165287515,8639375.002420764,30716316.224941403,1766216684.4068856
M,2049,5,1300463.198042724,130046.31980427241,17629161.145748496,48969649.174278505,66598810.320027,194861925.78000098,8321798591.069951
M,2049,6,242711.8676318376,60677.9669079594,18063326.65812021,33799457.61521533,51862784.273335546,134496111.61763886,16823143043.102139
M,2049,7,154819.7846179872,61927.91384719488,41514717.64940913,54998710.3906363,96513428.04004544,218852999.8243313,56127924725.893295
M,2049,8,243258.80290571644,109466.4613075724,168481911.97311917,148814837.62334713,317296749.5964663,592169769.0894436,74606607981.26822
M,2049,9,575638.634816267,287819.3174081335,634758675.9814134,391277697.96639144,1026036373.9478048,1556987379.4510386,44510218033.884445
M,2049,10,731966.4429804428,365983.2214902214,1276235357.6132383,497538086.3542104,1773773443.9674487,1979822834.9735014,25418365911.210907
M,2050,1,126829.55724809195,0.0,0.0,0.0,0.0,0.0,0.0
M,2050,2,11071.963596499763,332.15890789499286,6.633435753441119,2242.4180735554123,2249.0515093088534,8923.116901691088,10269372.983125549
M,2050,3,31171.58101695963,1558.5790508479815,194.3953735317632,126336.42288055229,126530.81825408405,502722.79000911815,354429813.636479
M,2050,4,551650.5004743256,38615.535033202796,872540.5412435042,7319102.011394783,8191642.552638287,29124454.37060208,1822088506.5344062
M,2050,5,1249430.5829393964,124943.05829393964,16937359.79627581,47047988.290820085,63985348.087095894,187215178.31987232,8632685138.673069
M,2050,6,207419.07384557277,51854.76846139319,15436733.780486431,28884669.972812805,44321403.75329924,114938998.16171186,17200496640.086002
M,2050,7,111123.37684592887,44449.35073837155,29797584.497295894,39475848.87719009,69273433.37448598,157083827.71200207,57181065889.778694
M,2050,8,181301.59764502043,81585.71894025919,125570131.27641426,110912195.127649,236482326.40406325,441346105.1792261,76242717515.5037
M,2050,9,536792.9764963731,268396.48824818654,591923436.7333868,364873216.32792664,956796653.0613134,1451917642.8273897,46693852876.6851
M,2050,10,753593.066837951,376796.5334189755,1313942908.686712,512238308.1356267,1826181216.8223386,2038318527.1832895,27893794854.65343
M,2051,1,116830.76837566649,0.0,0.0,0.0,0.0,0.0,0.0
M,2051,2,9998.788872425463,299.96366617276385,5.99047522324083,2025.0667088789755,2031.0571841022163,8058.223928065127,10439713.510600869
M,2051,3,10162.766348929803,508.1383174464902,63.3780737474103,41189.04159516616,41252.41966891357,163901.03056900032,360211705.4199464
M,2051,4,521397.7650740279,36497.84355518196,824690.0668986507,6917719.512279624,7742409.579178275,27527257.574815113,1877327786.599885
M,2051,5,1199553.7180686728,119955.37180686729,16261225.86986091,45169847.8110985,61431073.68095941,179741608.9368972,8941399189.520145
M,2051,6,175393.09754073032,43848.27438518258,13053267.009026004,24424811.296502154,37478078.30552816,97192155.67812276,17566946155.195305
M,2051,7,68989.0499175439,27595.619967017563,18499321.228839096,24507906.31121521,43007227.54005431,97522810.58096018,58190463832.46938
M,2051,8,122588.00708088634,55164.603186398854,84904889.65353963,74993850.78936903,159898740.44290864,298418437.3971432,77759670837.27101
M,2051,9,498130.59889590094,249065.29944795047,549290301.7566105,338593315.72631294,887883617.4829235,1347343643.8936327,48806012369.18634
M,2051,10,772046.172157876,386023.086078938,1346117205.326809,524781400.50852865,1870898605.8353376,2088230486.4526227,30459339184.53646
M,2052,1,107620.2482718513,0.0,0.0,0.0,0.0,0.0,0.0
M,2052,2,9210.520103815192,276.31560311445577,5.518207572841996,1865.4176892498153,1870.9358968226572,7422.942362066739,10612225.663450576
M,2052,3,9605.436153407698,480.27180767038493,59.902394683197805,38930.21798184758,38990.12037653077,154912.632107698,366078001.8603254
M,2052,4,493146.3942914849,34520.24760040395,780005.1326290801,6542890.404825939,7322895.537455019,26035723.064186264,1932025143.6078503
M,2052,5,1150996.8657666317,115099.68657666317,15602986.117093317,43341413.12273749,58944399.23983081,172465830.7652184,9248094639.227264
M,2052,6,147426.3533828396,36856.5883457099,10971900.159448065,20530231.30326492,31502131.462712985,81694692.03721336,17924461502.68532
M,2052,7,30338.090986855997,12135.2363947424,8135118.41816038,10777407.319794264,18912525.737954643,42885876.87807406,59160424636.72027
M,2052,8,68009.32791095287,30604.19755992879,47103502.366922535,41605059.99803055,88708562.36495309,165556467.12019077,79165796923.07712
M,2052,9,461756.65407725656,230878.32703862828,509180629.373913,313868926.96262544,823049556.3365384,1248959397.9481635,50851846917.66729
M,2052,10,785661.2861662086,392830.6430831043,1369856121.3140185,534035974.7231846,1903892096.037203,2125056646.8223608,33103139412.994057
M,2053,1,99135.85264502323,0.0,0.0,0.0,0.0,0.0,0.0
M,2053,2,8484.395626828076,254.53186880484228,5.083171815623846,1718.3548275762423,1723.4379993918662,6837.744123573282,10786986.601058096
M,2053,3,9084.976043151115,454.24880215755576,56.65664858239321,36820.8264644247,36877.483113007096,146518.85963352394,372030552.30512047
M,2053,4,466708.37570692145,32669.586299484505,738188.3609133904,6192120.207330982,6930308.5682443725,24639924.700452004,1986263180.2730663
M,2053,5,1102802.3651144486,110280.23651144486,14949658.426148308,41526622.98287118,56476281.40901949,165244347.50969502,9552791091.079445
M,2053,6,121975.23292989345,30493.808232473362,9077753.379389975,16985970.878743954,26063724.25813393,67591233.60053822,18274228844.113087
M,2053,7,9442.489205517293,3776.9956822069175,2531990.819144316,3354382.1964510027,5886373.015595319,13347887.632936517,60115818982.94091
M,2053,8,17838.50352966809,8027.326588350641,12355010.982203135,10912797.29449281,23267808.276695944,43424625.912341624,80470232356.04938
M,2053,9,425907.79184473585,212953.89592236793,469649967.34074694,289501451.5350386,759151418.8757856,1151995395.3816414,52831743482.672676
M,2053,10,796634.1472210381,398317.07361051906,1388988082.0570943,541494535.6222618,1930482617.679356,2154736041.403464,35819180831.63153
